image_link,group_id,entity_name,entity_value,image_name,extracted_text
https://m.media-amazon.com/images/I/61Am7goxaFL.jpg,178778,depth,3.9 centimetre,6617892b-9ef8-40dc-a834-4623584e4c44.jpg,"3.9cm/1.53in

UI0Z°0/WI8""L
"
https://m.media-amazon.com/images/I/51R8AlSuVKL.jpg,347320,depth,100.0 inch,0088cdf4-5092-4780-81be-dc41cdb4e9c4.jpg,"Space Dark Gray

"
https://m.media-amazon.com/images/I/51KghPIV6JL.jpg,826444,depth,90.0 millimetre,858aaef5-ad30-420a-966b-2ae49c5b8e87.jpg,"-—— 90 MM——

110 MM

| 60 mM—_
"
https://m.media-amazon.com/images/I/51gqMA7+K0L.jpg,494658,depth,53.0 centimetre,4586f615-0158-4cdd-8201-f61965bd71dd.jpg,"uIZg “Oz / WES

PRODUCT SIZE

167cm/65.74in

Thic k: 10em/3.94in
"
https://m.media-amazon.com/images/I/51YDWb+0+mL.jpg,861555,depth,217.0 millimetre,334836d1-92b8-4110-8713-fbbf56907fad.jpg,
https://m.media-amazon.com/images/I/51544S1oCiL.jpg,667819,depth,16.0 inch,6c787435-010d-40d7-ad22-c81bf27ff7bc.jpg,
https://m.media-amazon.com/images/I/51brSZcFF7L.jpg,675317,depth,1.18 inch,a5707843-0467-476b-afa9-1897b2710be3.jpg,"5.67in

1.18in

"
https://m.media-amazon.com/images/I/513bbFLNI+L.jpg,943839,depth,65.0 millimetre,0bf02e9a-548c-4482-9af5-eade186c0ea6.jpg,
https://m.media-amazon.com/images/I/51p84vAQK8L.jpg,108478,depth,25.0 centimetre,8bb533b8-85fd-4ca1-bc41-44651a68052e.jpg,"#925cm

WIE 7h}

(24 SRE A) UIE H-T ZL
-|+

“|

"
https://m.media-amazon.com/images/I/51bpjtgntZL.jpg,881883,depth,200.0 centimetre,d2ab54c6-38ea-4df5-b6a1-22e937852452.jpg,"200 cm

180 cm
"
https://m.media-amazon.com/images/I/610FJ8HRCnL.jpg,549052,depth,25.5 centimetre,136213d5-7c48-44d5-a0ee-c1c88c963d71.jpg,
https://m.media-amazon.com/images/I/41KfWMKeN-L.jpg,281210,depth,26.5 centimetre,ffa5b14d-a3ad-49e4-b547-7e309b412db6.jpg,"Thickness 2CM

26.5cm

25cm

Thickness 2.5CM

11cm

43cm
"
https://m.media-amazon.com/images/I/615oTjEYB0L.jpg,755711,depth,30.0 millimetre,4ca12cc4-075d-43a3-8ee8-53a3d36487d4.jpg,"Highly Durable

Chromium Molybdenum (Cr-Mo) steel and black
phosphate finish

"
https://m.media-amazon.com/images/I/61F6wD4fPFL.jpg,630869,depth,21.0 centimetre,3a1cc47a-83f2-440d-bc9b-2c3c133e4c65.jpg,"High quality black gun plated

Base Material: 316L Stainless Steel

Width: 11mm (0.43 inch)

12mm (0.47 inch)|_ | 20mm (0.78 inch)

Length of Bracelet:
19cm(7.4 inches) Net wieght:44.8g
21cm(8.3 inches) Net wieght:48.8g
23cm(9.0 inches) Net wieght:52.8g
"
https://m.media-amazon.com/images/I/513RMllK3sS.jpg,675317,depth,1.4 inch,107a2753-41ef-4197-b04a-8038bbaf900b.jpg,"105

v
—""
—_

"
https://m.media-amazon.com/images/I/51mDgaBW3AL.jpg,630869,depth,26.0 centimetre,43efd9fc-c5fb-4dbf-b3f3-22b5bbf6bea5.jpg,"Detail
“HF LVS—925
“4X 26em

F =U ii 2.5mm

4 S| Si

FUIVIYbVAIAIL, AVY — CHE AAVEHMO
EH ORE+2cm OVALEBTTOL WET,

"
https://m.media-amazon.com/images/I/51SL+qaaFoL.jpg,784538,depth,19.0 inch,57cca976-c597-47fd-b277-40d6020d7c48.jpg,"19 inch

9 inch

9 inch
|

Art print

Art print

19 inch
"
https://m.media-amazon.com/images/I/51-FPHxRNVL.jpg,932012,depth,165.0 centimetre,d62ed541-c454-4c7f-8278-7b4e58f1e5cf.jpg,"Size
C) Width 60cm x Length

165cm
‘ Colour
Grey
Material
C)
Polyester
. Mounting type

Top Mount
"
https://m.media-amazon.com/images/I/61ARfalan2L.jpg,507619,depth,44.0 centimetre,49ea9782-02b1-4976-b43f-666560b768f6.jpg,"180 cm

|
“|, 88m
l

56cm

"
https://m.media-amazon.com/images/I/51mxkZNEE1L.jpg,752266,depth,40.5 centimetre,90422859-f628-4101-aa48-22cc231fbb12.jpg,
https://m.media-amazon.com/images/I/617E6iSY7TL.jpg,558806,height,5.3 inch,15626355-106a-4873-8cf6-f9f94343c982.jpg,"6.7 in/ 17cm

MAME

5.3 in/13.5cm

"
https://m.media-amazon.com/images/I/615RXHRiCeL.jpg,480845,height,10.16 centimetre,5cba67fc-cd29-4671-86f3-4d121c2395c5.jpg,"10.16cm/4”
"
https://m.media-amazon.com/images/I/618e4JBlySL.jpg,417434,height,55.0 centimetre,fe44612b-9c99-4cf3-b295-21812c13651e.jpg,"55cm | 22cm

"
https://m.media-amazon.com/images/I/512togrPRWS.jpg,752266,height,22.0 millimetre,ee2dbf55-12b8-427b-b546-e592514eab82.jpg,"|— 68-73MM—

"
https://m.media-amazon.com/images/I/51BEuD9O1xL.jpg,442321,height,28.3 inch,5752f18f-5d09-45de-839c-d8d70f02d607.jpg,"Size:

"
https://m.media-amazon.com/images/I/41YL4Zd434L.jpg,801829,height,42.0 inch,1a41dfc2-63dc-4af8-945e-1b3f65bac808.jpg,"42""

80.5"" 27.5""
"
https://m.media-amazon.com/images/I/41RoQb62F4L.jpg,823083,height,30.0 centimetre,082efebf-c1aa-4521-9535-5750a8b5280d.jpg,"| size | H30cem L16cm W13cm
| Weight | About 2.5kgs
"
https://m.media-amazon.com/images/I/51huRiwWonL.jpg,318766,height,30.7 inch,f5e1356a-6bf9-4a81-ab6d-88fc2b71f4aa.jpg,"30.7 in / 78 cm

a

25.9 in / 66 cm
"
https://m.media-amazon.com/images/I/51Og-Te5QRL.jpg,970563,height,21.0 millimetre,a41b0c2a-796e-418a-8136-d49e810dc8b5.jpg,"20mm/0.8in

20mm/0.8in

21mm/0.83in

6mm/0.23in

21mm/0.83in
"
https://m.media-amazon.com/images/I/61+NIZOm-gL.jpg,276611,height,60.0 centimetre,545787b5-f3ae-418b-ba94-246a750dfba2.jpg,
https://m.media-amazon.com/images/I/51BptQ-n2RL.jpg,849273,height,31.0 centimetre,d116141d-a0fd-4a85-8cee-35d48c2d9ffe.jpg,"H— 3.93inch/10cm —4

be
N
=
fe)
a
~
wo
a
3

12. 2inch/31em 9 ——______

"
https://m.media-amazon.com/images/I/4137LUd3skL.jpg,997176,height,27.5 centimetre,e1f07653-6234-43b9-b2b8-c296ccf5ef1c.jpg,"mn
WIL
‘

4orc
@ nc
@ wc
@ wr
@ 100°c

Wd G'ZZ
"
https://m.media-amazon.com/images/I/51FQoxpAi9L.jpg,849273,height,43.0 centimetre,627e17f0-aba4-4105-b3b7-b043cdea8259.jpg,"43cm/16.93""

“89.

19cm/7.48""
Yu,
SZ
> =
j &
ye)
(4 > §
A ive)
a (f Nn
Ww
10cm/3.94""
<< 4
i =
} E
Y =
N
V

"
https://m.media-amazon.com/images/I/41lkvY-R9cL.jpg,913156,height,43.0 centimetre,4c1729ab-0eff-4db2-ac8a-ada1b474efcb.jpg,"43cm

16.9IN

"
https://m.media-amazon.com/images/I/51GuaIkmb1L.jpg,292475,height,25.0 centimetre,caf1770a-f653-4b24-a8c4-d9fe46b36bb9.jpg,"} 43cm |

"
https://m.media-amazon.com/images/I/51N9mWmHaXL.jpg,488883,height,82.0 centimetre,2031ad1b-ecef-4332-bfc0-d93eb7d31e5f.jpg,"82 Cm

45 Cm

45 Cm

45 CM X 45 CM X 82 CM
<< S_COP'
"
https://m.media-amazon.com/images/I/41bRrtoN+lL.jpg,861555,height,2.4 inch,777cd597-f334-4796-b643-e106b6a6add8.jpg,"Net weight:0.69Lb

2.4"" !
(6cm)

Cider) We. Pec)
"
https://m.media-amazon.com/images/I/51q9P6oi4-L.jpg,178778,height,21.0 centimetre,f337e1eb-9691-4a09-825d-2c347816291d.jpg,"31cm
"
https://m.media-amazon.com/images/I/51ZgFDHmsmL.jpg,681445,height,10.0 inch,ebb70406-66b4-4e5a-9af0-80078f52b518.jpg,"1.6in

14in

10in |

= 3in—
"
https://m.media-amazon.com/images/I/612eu1IOs1L.jpg,278850,height,5.8 centimetre,c85995aa-5d13-4a4e-9021-11f2da3373bd.jpg,"Product size

2cm/0.79in

1.2cm/0.5in

UlE*2/WI8""G
"
https://m.media-amazon.com/images/I/81FkSx0prEL.jpg,916768,item_volume,25.0 pint,a6dcf93c-9e04-491b-8f0d-7f94e9c082ab.jpg,"ines
"
https://m.media-amazon.com/images/I/81gHUqN5PZL.jpg,557758,item_volume,16.0 fluid ounce,d69c80b3-527c-4abf-8dde-4536c707eb9d.jpg,
https://m.media-amazon.com/images/I/71idPLeOqIL.jpg,459516,item_volume,"[8.0, 12.0] fluid ounce",1896f6aa-e888-4d2f-8539-71f77fc82b8a.jpg,"SUGGESTED USE:
As a dietary supplement, take 1 capsule

daily with 8-12 oz of water or as directed
by your healthcare professional.

* THIRD PARTY TESTED'
¢ GLUTEN-FREE’

WARNING: For healthy individuals 18 years and
older. Not recommended for those on blood
thinners or who have poor digestion. Consult a
healthcare professional prior to use if you are
pregnant or nursing, taking medication, or have a
medical condition. Keep out of reach of children.
Do not use if safety seal is broken or missing.

NOTICE: Store in a cool, dry place.

MADE AND QUALITY TESTED IN THE USA
WITH GLOBALLY SOURCED INGREDIENTS.

Manufactured by: nutricost mfg.
351 E 1750 N Vineyard, UT 84059
(866) 438- 3694 | support@nutricost.com

nutricost.com

10014 "" 67398

406047
NTC.05.23

i

pW

tl
of
"
https://m.media-amazon.com/images/I/71DdnoHPb9L.jpg,459516,item_volume,2.0 millilitre,7d0ffa96-6039-4e8e-9e3a-ab139ebe7ee9.jpg,"per dose massima per
CONTENUT! MEDI giornaliera (2 ml) 100 ml

Echinacea purpurea eé.f. 1 ml 00 ml
Echinacea angustifolia e.f. 1 ml 00 ml
"
https://m.media-amazon.com/images/I/714Hq8eCbpL.jpg,254449,item_volume,2.0 fluid ounce,e950ae07-9127-4c18-92ea-a9e05e24aa24.jpg,"Simply add to any liquid
or take directly into the

mouth. It’s easy!

"
https://m.media-amazon.com/images/I/91xmKmxc06L.jpg,884560,item_volume,250.0 millilitre,684aca0e-23a0-46d8-a792-b671c38d50c4.jpg,"READY TO SERVE/DO NOT ADD Wl
PRETE A SERVIR / NE PAS AJOUTERDEA

Directions: Heat and serve, Please a0 not ove
Mode d’emploi : Chauffer et servir. Evite dein)

NO PRESERVATIVES
INGREDIENTS: ORGANIC TOMATO PUREE, ORGANIC DCH I”
FILTERED WATER, ORGANIC CREAM, ORGANIC EVAPORMED At
ORGANIC ONIONS, ORGANIC SPICES* CONTAINS MILK
*100% PURE HERBS AND SPICES (DOES NOT CONTAIN ADDITIVES)

Individuals with Food Allergies: This product is made in facity ta psi
wheat, soy, tree nuts and seeds. Amy's Kitchen does not use any pean fh gel
SANS AGENT DE CONSERVATION |
INGREDIENTS : PUREE DE TOMATES BIOLOGIQUES, NOs

tition Facts
cur nutritive
»&0ml)/ pour 1 tasse (250 mL)

"" % Daily Value
% valeur quotidienne

w/ Calories 130
es 4 g 6 %

fiat saturés 2.5 g A
as/tans 0.4 g 13 %

| |) en
senl/ Cholestérol 15mg 5 %
11/Sodium 340 mg 14 %
Nadte/Glucides 21g 7%
Boca nena

Tia ____ 12% | pe ToMATES BIOLOGIOUES, EAU FRE, REMEBDIE! |
alhars 14g DE CANNE EVAPORE BIOLOGIQUE, OIGNONS BOLOGDES >
ones 3g BIOLOGIQUES* CONTIENT DU LAIT.

“4/Mtamine A 15 % *HERBES ET EPICES 100% PURES (NE souls D’ADDIIS)

""0am Personnes avec allergies : Ce produit est prépar dans ue

//Mtamine C 30 % | installation ot blé, soja, noix et graines sont utiisés. Amy’ Kite 7
 Caleium n'utilise pas d’arachides, ni de poisons, de coquillages te ——

GLUTEN FREE —
SANS GLUTEN ta

ily SOD TT M Py

tae RE _Cettied Organic by OA I
“STATA, OA YBG3U S.A /6-4, a, Certifié Biologique par OA my ‘6
| | “a Kitchen

‘wwamyskitchen.ca Ar

ANNAN

"
https://m.media-amazon.com/images/I/91EMY-+JoNL.jpg,459516,item_volume,"[1.0, 1.6] millilitre",31985ea3-61f0-4d80-a4a9-63026ba248ff.jpg,"Recommended Use: Traditionally used in Herbal

je .. Medicine: (1) as a bitter to aid digestion; (2) to
Ne. help alleviate infectious and inflammatory conditions

yx y. of the digestive tract such as gastritis; (3) to help

2 - relieve digestive disturbances such as dyspepsia.

“==. ~ Recommended Dose: Adults: Take 1-1.6 mL
ix ~ (80-48 drops) 3 times daily ina little water on an
~ empty stomach. May take up to one week to
produce beneficial effects.

Medicinal Ingredients (per 1 mL): Certified
Organic Goldenseal (Hydrastis canadensis, root and
rhizome) 200 mg Quantity Crude Equivalent (1:5).

Non-Medicinal Ingredients: Certified Organic
alcohol, Distilled water

Cautions and Warnings: Do not use if you are
pregnant or breastfeeding. Consult a health care
practitioner if symptoms worsen or persist and
before use: if you have blood pressure problems;
if you have a kidney disorder. Consumption of
Goldenseal with alcohol or other medications and/
or natural health products with sedative properties is
not recommended. Keep out of reach of children. Do
not use if seal is broken. Store at room temperature.

Usage recommandé: Traditionnellement utilisé en
phytothérapie: (1) comme bitter pour faciliter la
digestion; (2) pour aider a soulager les états infectieux
et inflammatoires du tube digestif comme la gastrite:
(3) pour aider a soulager les perturbations de la
digestion comme la dyspepsie.

Dose recommandeée: Adultes: Prendre 1-1,6 mL
(30-48 gouttes) 3 fois par jour dans un peu d’eau a
jeun. Peut prendre jusqu’a une semaine pour produire
des effets bénéfiques.

Ingrédients médicinaux (pour 1 mL): Hydraste du
Canada certifié biologique (Bvatasts canadensis,
racine et rhizome) 200 mg Equivalent plante brute (1:5)

Ingrédients non médicinaux: Alcool certifié
biologique, eau distillée

Mises en garde: Ne pas prendre si vous étes enceinte
ou allaitez. Consulter un professionnel de la santé si les
sympt6mes s'aggravent ou persistent et avant d’utiliser:
si vous avez de problémes de pression artérielle; si ;
vous souffrez de troubles rénaux. La consommation
d’hydraste du Canada avec I’alcool ou d’autres
médicaments et/ou des produits de santé naturels avec
des propriétés sédatives n’est pas recommandée.

Tenir hors de la portée des enfants. Ne pas utiliser si le
sceau est brisé. Conserver a température de la piéce.
Made with care and intention by/Fabriqué avec
soin et intention par: St. Francis Herb Farm Inc. ==
Canada KOJ 1L0 stfrancisherbfarm.com
Certified organic by / Certifié biologique par:
Pro-Cert Organic Systems Ltd.

a
StFrancis

HERB FARM

a

Goldenseal
Hydraste
du Canada

HYDRASTIS CANADENSIS

NPN 80023287

TINCTURE | TEINTURE 50 mL 8 Mi sg5eg""o036 6! o
"
https://m.media-amazon.com/images/I/81DEg8pW2GL.jpg,369753,item_volume,0.7 fluid ounce,4fadf5dc-d3f8-4862-8b03-de6588bbb8b7.jpg,"we

REDUCE LAS
LINEAS DE

EXRRESION —

LIROHA ]

"
https://m.media-amazon.com/images/I/91ZBqOaQGiL.jpg,373285,item_volume,8.0 fluid ounce,eafc82c0-38fc-41ba-a664-8a9bb72c99c5.jpg,"r 7

GROVE SOUARE

SINGLE CUP CIDER DRINK MIX
MELANGE A BOISSON AU CIDRE
EN PORTION INDIVIDUELLE

TM/
MC

- Shake single serve cup before use. ae ae
DO NOT REMOVE the foil lid as the cup will not work properly inthe machine and could resutt in
hot water burns. Run a hot water cycle, without a single serve cup, after preparing each cider.

~ Hot Cider: Load single serve cup into machine. Choose the 8 fl 0z setting. Position mug below
i] beverage outlet. Press start. Stir and enjoy.
When finished, the single serve cups are hot and may drip. Help avoid dripping by tilting the
single serve cup during removal from the machine.

Store single serve cups at room temperature.

Agiter chaque capsule avant utilisation.

NE PAS RETIRER la membrane en aluminium, sinon la capsule ne fonctionnera pas
correctement dans la machine et pourrait provoquer des brilures d'eau chaude.
Aprés chaque cidre, faire couler un cycle d'eau chaude sans mettre de capsule.

} Pour un cidre chaud : Introduire une capsule dans la machine et mettre le réglage
sur 8 02 liq. Placer une tasse sous la sortie de la boisson. Mettre la machine en
marche. Remuez et dégustez.

Une fois terminé, les capsules seront trés chaudes et pourront goutter. Pour éviter
qu’elles ne coulent, inclinez-les legérement en les retirant de la machine.

Conserver les capsules a la température de la piéce.
CAUTION: ADULT SUPERVISION IS REQUIRED. POSSIBLE EXPOSURE TO HOT LIQUID.
ATTENTION : SUPERVISION PAR UN ADULTE REQUISE. RISQUE D'EXPOSITION A UN LIQUIDE TRES CHAUD.
| Sw |
2 Spiced Apple Cider ie

lake the warm sweetness of crisp apples and add then.
77, delightful taste and aroma of just the right amount of spice. ee
: That's the Grove Square™ recipe for a cider tradition! So sit
Po: back and savour a steaming cup. It’s a delicious way to relive ~~
those memorable days in the orchard!

Cidre pormune epicée
Prenez des pommes douces et croquantes et ajoutez-y la juste
quantité d’épices afin d’en retrouver tout l’aréme et la délicieuse
saveur. Telle est la recette de Grove Square"" pour un cidre
traditionnel ! Alors détendez-vous et savourez une bonne tasse

bien chaude. C'est une délicieuse facon de revivre les jours
heureux dans le verger !
"
https://m.media-amazon.com/images/I/51LiJ2ltLTS.jpg,369753,item_volume,60.0 millilitre,3421f05a-2cce-4b2f-9eac-bbc79098bee4.jpg,"Salicylic acid

Ice cream mak

"
https://m.media-amazon.com/images/I/51CMQL8H-XL.jpg,369753,item_volume,3.52 fluid ounce,0e0fd7e8-270b-4a85-9825-f65d2c6a95c8.jpg,"lice Water Sleeping Mask
3.52f1.02/100g rs

"
https://m.media-amazon.com/images/I/71PSmBF6pRL.jpg,281678,item_volume,22.0 gallon,2ce00519-c500-40c3-9fc2-60f7902f7a67.jpg,"Ibisco

Papaya Petali di rosa

Dente
di leone
Ortica

x: Zenzero
Guarana

ate ES - ECO -022-GA

Agricultura UE/NO UE

Malva

Physalis

Scorza di

limone
Mate verde

"
https://m.media-amazon.com/images/I/816kgza-NKL.jpg,459516,item_volume,2.5 fluid ounce,1d0368c7-a874-43d4-86c8-559a90aed865.jpg,"FEARLESS
GINGER &

IMMUNE

with Resveratrol

loaded with herbs
and vitamins

25 FL OZ (74ml)
"
https://m.media-amazon.com/images/I/71KmLg8bG8L.jpg,459516,item_volume,4.0 fluid ounce,5ec936e7-67fc-4f04-be60-3faf69a8775b.jpg,"_ SMART

CONSUMPTION

am > Oo 8 % of absorption

in 2-5 minutes

Maximize absorption
with liquid, surpassing
capsules or pills.

Liquid Capsules Pills

Alcohol-free PVs
Dietary supplement
kk

"
https://m.media-amazon.com/images/I/71EPtrcWArL.jpg,916768,item_volume,970.0 millilitre,6f21f7c0-e158-4fc1-b57e-f43dd90ab08c.jpg,"Truly Sweet Candy""

Medium - Height:
—— 23cm
Victorian <\ Sse. volume:
mM
Tall
Jar Neck
Diameter:

70mm
"
https://m.media-amazon.com/images/I/81owwudAD2L.jpg,281678,item_volume,175.0 millilitre,3ddabc35-72a0-4fa7-8638-fbd48a264141.jpg,"Nutrition Facts

Valeur nutritive

Per 1 tea bag (175 mL) prepared |
pour 1 sachet de the (175 mL) prépare |

Amount % Daily Value |
| Teneur % valeur quotidienne |

Calories / Calories 0

Fat / Lipides 0 g 0%
Carbohydrate /GlucidesOg 0%
Protein / Protéines 0 g

Not a significant source of saturated fat,
trans fat, cholesterol, sodium, fiber, sugars,
vitamin A, vitamin C, calcium and iron.

Source négligeable de lipides saturés, lipides
| trans, cholestérol, sodium, fibres, sucres,
vitamine A, vitamine C, calcium et fer.

"
https://m.media-amazon.com/images/I/81y7wippvQL.jpg,916768,item_volume,1.0 litre,3dfd5c50-3a0d-4fcc-abae-059a20e9542a.jpg,"= CONTITAL

leap euoizisodwoy

ai i Al: professional
g3/°*) 2B ) \ Jar alan an

IN ALLUMINIO CON COPERCHIO

Aluminium foil container with lid - Aluminiumbehalter mit Deckel
Barquettes en aluminium avec couvercle - Envases de aluminio con tapa

IT] Non idoneo al contatto con alimenti acidi e/o salati. Oltre le 24 ore si raccomanda la conservazione del cibo in ambiente refrigerato. Non
utilizzare a diretto contatto con fiamma libera 0 resistenza elettrica. Utilizzare nei forni a microonde esclusivamente ove consentito dal costruttore.
EN] Not suitable to preserve high acid and/or salty food. Beyond 24 hours it is recommended to storage food by refrigerated temperature. Do not
use in direct contact with open flames or electric resistance. Use in microwave ovens only where permitted by the manufacturer.

DE] Nicht geeignet fiir die Aufbewahrung von stark sauren und/oder salzigen Speisen. Bei einen Zeitraum Uber 24 Stunden, die Speisen bei
gekiihiten Temperaturen lagern. Verwenden Sie nicht in direktem Kontakt mit offenen Flammen oder elektrischen Elementen. Geeignet fir
Mikrowelle, wenn vom Hersteller erlaubt.

FR] Ne convient pas pour la conservation d’aliments a acidité élevée ni salés. Au-dela de 24 heures est le stockage des aliments recommandé
réfrigéré. Ne peut étre en contact direct ni avec des flammes ni avec des résistances électriques. L’utilisation en fours a micro-onde n’est autorisé
que si l’on respecte les précautions telles que définies par le producteur.

ESP] No apto para el uso con producto acido y/o salado. Por encima de las 24 horas se recomienda conservar en frigorifico. No apto para el uso directo
con llama 0 resistencia eléctrica. Usar en el microondas solo cuando el fabricante del aparato lo permita.

Conforme ai seguenti regolamenti/ Compliance with / Ubereinstimmung mit / En conformidad con la normas / Conformément aux normes: Decreto n. 76 del
18/04/2007; CE 2023/2006 del 22/12/2006; CE 1935/2004 del 27/10/2004; CE 62/1994 e al D.L: 22 del 05/02/1997 Art. 43.

Contital S.r.I. - Via Appia Km 192.358 — 81052 Pignataro Maggiore (CE) Italia » www.contital.com

ThYD * Tha “LUV
"
https://m.media-amazon.com/images/I/71smyxl4D0L.jpg,459516,item_volume,30.0 millilitre,f9d88445-e1cf-4ac2-bae0-c5e725596577.jpg,"THT iii
HTT

Wa

Dendrobium &Mullein
Extract Herbal Drop

7 Balance
a Sn, tunction C mocus tevels

Oper

i Shen airways

REE - 1SO VEGAN - GMO FREE - ISO
OF : L
VEGAN ~ GM .

"
https://m.media-amazon.com/images/I/81lEh56i+qL.jpg,884560,item_volume,150.0 millilitre,a89aa8f4-9e24-4b41-82f7-2f77ded57303.jpg,""" pro 100 ml | pro Tasse | %' pro |
= zubereitet | (150 ml) | Tasse F
_| Energie < 17k) 22k | <1% |e
: <4 kcal 5 kcal =

| Fett <0,5g| <05g] <1%>
| davon gesattigte ,
| Fettsauren <0,1g] <0,1g] <1%

‘| Kohlenhydrate 0,69 09g} <1%])
“| davon Zucker <0,5g| <05g| <1%}
| Ballaststoffe <0,5q Pees ae. ie am
{Eiwei® < 0,59 4
“1 Salz 0,86 9g Weaeg 32240 2
~ Erwachsenen (8400 kJ/2000 kcal). =
"
https://m.media-amazon.com/images/I/7137DtOm1WL.jpg,459516,item_volume,1.0 decilitre,13844f81-4c79-47c5-bab5-631e76f10a4f.jpg,"Echinaforce® Forte
Sistema inmunitario’

Echinaforce® Forte

_ Sistema —
INmMunitario

"
https://m.media-amazon.com/images/I/71WpHwZHAML.jpg,489118,item_weight,400 gram,f3ad66da-50a8-4187-97a1-6f1d92f0ea4b.jpg,"FRESH
YUMMY
CRISPY
BANANA

CHIPS
SALTED '

"
https://m.media-amazon.com/images/I/61LLE5kWCJL.jpg,630869,item_weight,20.0 gram,66611e86-5d31-497a-aa61-c5a52fe51909.jpg,"Malachite

Rhodium Plated

Series: Bracelet / Weight: About 20.0 g

TIPS : manual measuring permissible error

"
https://m.media-amazon.com/images/I/81gceM5l2iL.jpg,281678,item_weight,200 gram,d91e4c0e-8c12-47db-b93f-6f558a5afbc0.jpg,"CONTENT: Natural Green Tea
INGREDIENTS: Green Tea (100%).

NUTRITIONAL INFORMATION Report Reference: GGN/F(C)/13/000198
Parameters ‘Oleee ae
Carbohydrates (g) 28.0 0.56

Energy (Kcal) 148.0 2.96

Fat (g) Nil Nil

Protein (g) 9.0 0.18
Vitamin C 16.5 0.33
Vitamin E Nil Nil

*Based on 2g tea brewed with 100ml of freshly boiled water
for 3-4 minutes.

Net Qty : 200gm

MFG BY: Apeejay Tea Limited, 15, Park Street,
Kolkata-700016, India

PACKED AT: 47, Hide Road, Kolkata-700088, India

DATE OF PKD.:

BATCH NO.:

MRP (®) (Inclusive of all taxes)

WI

06024 450901

9

SSAL
License No.10013031000981

*BEST BEFORE 24 MONTHS FROM DATE OF PACKAGING
*For customer care support see the base panel

A Product of ISO 22000 and BRC - Food Certified Unit

8
"
https://m.media-amazon.com/images/I/71WhzY+-0aL.jpg,731432,item_weight,1200.0 milligram,dbd95866-9dce-4bb7-80b3-4b0da87d30ed.jpg,"~ CALCIUM
| 1200 aoe |

Ev
Ol

D3) SUPPORTS

HEALTHY

DIETARY
SUPPLEMENT

"
https://m.media-amazon.com/images/I/81nptWTuXLL.jpg,150535,item_weight,9.0 ounce,a3523428-d146-41a7-aa79-d1b682e04997.jpg,"a Ga
"
https://m.media-amazon.com/images/I/81qAgMnjSSL.jpg,601746,item_weight,3.0 kilogram,53446db5-5a49-46d6-9a31-16ae274ffcef.jpg,
https://m.media-amazon.com/images/I/61EOEwhxPdL.jpg,107694,item_weight,"[10.0, 14.0] kilogram",3d5d3f21-0bb4-4384-a150-1164a9b15bea.jpg,"SIZE SELECTI
Age Height

2-3 years  —-85-100cm/33-39""

3-6 years —-101-120cm/40-47""

6-9years 121-135cm/48-53""

ON
Weight
10-14kg/22-32lb

15-20kg/33-44lb

21-27kg/45-59lb
"
https://m.media-amazon.com/images/I/714pztRULNS.jpg,993359,item_weight,100 gram,940b7aa9-bc3d-4e35-8853-197c793ec39d.jpg,"For Nature For Life.

Cardomom

"
https://m.media-amazon.com/images/I/71YOloPzwqL.jpg,523149,item_weight,23.0 gram,d9caacf3-8843-4658-b715-27034d8b969a.jpg,"EIGHT:21MM
IDTH:28MM
IGHT:25G

"
https://m.media-amazon.com/images/I/814Lhhywx9L.jpg,281678,item_weight,12 ounce,f9fb36a4-2c01-4aae-aecc-dc7b7a21202f.jpg,"""In each bottle of happy being are being
Polyphenols (i.e. Turmeric, Tero, and

EGCG) which are the micronutrients

found in certain fruits and vegetables

that provide plant-based foods with eS
their wide array of health benefits. MUN.
Research supports that polyphenols a
help prevent and treat the underlying

causes of chronic conditions related

to digestion, weight management,

brain health, cardiovascular health,

and immune health.""

jet happ) happy
Beata being being

=
—

. Pr
IMMMUNE
BOOSTING

; r . healthy
Ge OF , j , BLUEBERRY WHITE TEA _

1202 (355 mi)

x <= =

Gluten Free Plant Based Vegan GMO Free Soy Free Sugar Free
"
https://m.media-amazon.com/images/I/71S5VcBG45L.jpg,844474,item_weight,1.3 kilogram,abb9e64b-6a5e-421f-b2b5-8c9ee8b219d6.jpg,"Product information

{Brand] | FANDARE
{Material] Canvas
(Capacity] 15.6 Inch Laptops
(Weight) 1.3kg

"
https://m.media-amazon.com/images/I/71VJB6Jl5yL.jpg,396159,item_weight,40.0 gram,fd83d825-f829-492d-acf3-16f1ce863110.jpg,"100 % Baumwolle

Hochwertig bestickt in DE

100+ tolle Motive

Uber 40.000 zufriedene Kunden

Zwei GroBen (Baby & Kind)

Bei 40 Grad waschbar

Optionale Geschenkbox

V,

UPSTITCH Oo""

OOO

) a
) a
) a
anes

OOO
"
https://m.media-amazon.com/images/I/51dIePpXq+L.jpg,907907,item_weight,422.0 gram,c6337e9a-049c-4df6-9b5e-5119f1d60255.jpg,"uig'y / 4S LL

>|
10.5em /4.1in 2.0em / 0.8in

"
https://m.media-amazon.com/images/I/812Al9XLzbL.jpg,487566,item_weight,300.0 gram,64442682-5635-48be-9134-dd205feb9dab.jpg,"HIGH QUALITY

made from an ultra-thick

300gsm polar anti-pill material

Cotton Layer that is alble to keep you
—_ Warm and dry

at the same time.

"
https://m.media-amazon.com/images/I/71L0CkKFRKL.jpg,630869,item_weight,13.9 gram,f5f48c9a-6860-41b0-8c73-e9fc9ab7f41b.jpg,"INFORMATION

13mm/0.51inch

© Series: Bracelet(Adult)

© Weight: 16.5¢/0.580z(About)
© Chain length: 16.5+6cm/6.50+2.36inch

© Material: Stainless Steel + Bala Beads

° -@&- °

© Series: Bracelet(Kids)

© Weight: 13.92/0.490z(About)
© Chainlength: 14+6cm/5.5142.36inch

© Material: Stainless Steel + Bala Beads

@ The size of the product is measured manually
and may be subject to marginal error.
"
https://m.media-amazon.com/images/I/61DucqiFaeS.jpg,459516,item_weight,102 gram,eb6bfb9e-855c-4ff7-a473-132575f755ad.jpg,"eke
\

= =

AED IN,
RS ™%

NATURAL SOURCE OF IODINE 8

& No Synthetic Fillers or Binders

MONTHS
@ Vegan Friendly SUPPLY
& GMO Free Ingredients

"
https://m.media-amazon.com/images/I/71MSDtv-70L.jpg,375816,item_weight,100.0 gram,2a9e1484-0ae4-4ee8-900b-ea21da2d34ab.jpg,"= -
INFORMACION g 7

NUTRICIONAL Por 100g Por 40 ml W
Valor energético 1321 kJ / 346 kcal 30 kJ / 7 kcal
Grasas 14g <0O,5g

de las cuales saturadas 6,4g <0,02g
Hidratos de carbono 199 <O,5g

de los cuales azucares 0,8g <0O,5 g
Proteinas 7g <2,0g

Sal 0,02 g <0,01g

1 capsula = 1 taza (40m).

"
https://m.media-amazon.com/images/I/31-QAoUmMML.jpg,308856,item_weight,50 gram,f61938a6-d34d-4cd6-8a20-df526282c556.jpg,
https://m.media-amazon.com/images/I/7104ZoAdcSL.jpg,801829,item_weight,120.0 gram,b3dd2e66-37d0-459e-b326-685104a3cc49.jpg,"RELAX-WIPPMECHANISMUS

Schaukeln Sie die Ruckenlehne um bis zu
120 Grad um Ihren RUucken zu entspannen

Aufrecht Sitzen
120° €.

Entspanntes Anlehnen

HERAUSZIEHEN

(Schwingen)

SPERREN LARS yy

(90 ° Vertikale Sperre) a

"
https://m.media-amazon.com/images/I/81-IreNzIaL.jpg,601746,item_weight,3.3 pound,286fd93c-dbef-4d9c-a599-b3b78b849b87.jpg,
https://m.media-amazon.com/images/I/71anpO7gswL.jpg,120219,maximum_weight_recommendation,4.0 pound,6e5a32a0-89f7-4c5a-8394-fdc7cea0650c.jpg,"EINFACH ZU INSTALLIEREN
G

3. An die Wand kleben und 24h ™@ 4.Montieren und hangenSie Ihr
einwirken lassen Duschregal auf

"
https://m.media-amazon.com/images/I/71J8+lHwFmL.jpg,611510,maximum_weight_recommendation,350 pound,6ae178bd-35ec-463f-9db7-6015264e43de.jpg,"Heavy Duty Structure
Sturdy and Durable
Weight capacity>350LBs

Office SGS test certification
Explosion-proof ensure safety

Molded aluminum base — Z . :
Reinforced structure ~ Quite:rolling smoothly
Sturdy and durable Suitable:safe for all hard&soft floors
"
https://m.media-amazon.com/images/I/51w8x1a9KiL.jpg,969033,maximum_weight_recommendation,35 pound,10309ec7-5e4d-4aa1-b70f-14b6ddcc6e2b.jpg,"Choose The Right Size

To Fit Your Dog

For medium dog
Up to 35 Ibs

L: 16''X 16"" X 6""

For large dog
Up to 55 Ibs

1:20"" X20"" X 6""

For jumbo dog
Up to 95 Ibs

1:24"" X 24"" X 8""

"
https://m.media-amazon.com/images/I/71kgM9Vb32L.jpg,611510,maximum_weight_recommendation,100 kilogram,2df6d0ef-81f4-4362-8c1b-f5a398a1ebe8.jpg,"we

ESTIVAL

CRAFT
""OctaRound
Wood Stool’
Hey ae Light sean

(100kg)
"
https://m.media-amazon.com/images/I/81UAPYS0KpL.jpg,751532,maximum_weight_recommendation,250 kilogram,7fac2c38-07fd-47f9-8c5a-680e940968ea.jpg,"Our Bed Others

Heavy duty capsule shaped piping base. Very thin jaali type structure which has
Can take 250 kgs of distributed weight lesser weight bearing capacity.

without any problems.

"
https://m.media-amazon.com/images/I/71R95nkABbL.jpg,221399,maximum_weight_recommendation,2 person,e18f03cc-4a48-4e7d-8d43-f8e7d9c9484b.jpg,"a NN PATIOFY

\ \ Enough Spacious
for 2 persons
"
https://m.media-amazon.com/images/I/71sNPu8xh8L.jpg,120219,maximum_weight_recommendation,7.0 pound,58fca5fb-6cf3-4603-98ff-95c841b7e489.jpg,"Strong Load-bearing Capacity

"
https://m.media-amazon.com/images/I/61YzJNTQ9FL.jpg,221399,maximum_weight_recommendation,240 kilogram,b5efcd17-5806-4f94-aab6-bed0f7c19dc0.jpg,"Large Size & High Load Capacity

For 2 Holds up
people to 240 kg

-—_—_— 2]0 cm———__

t+ U9 OS | 4

| 295 cm

"
https://m.media-amazon.com/images/I/61LoMcE7VLL.jpg,120219,maximum_weight_recommendation,3.0 gram,7b437fb6-81d5-472b-baaa-31e3afbed727.jpg,
https://m.media-amazon.com/images/I/81V5VhsbXHS.jpg,120219,maximum_weight_recommendation,100.0 gram,06d2c93f-327e-4521-841d-dd21e467e4fa.jpg,"Imag woera yp asm 2070

aHoM :
aNviWa1OL = se

aNOOTOIMNGO WONT
AWSOd-SHIOU VT

ee
LOL

KIRBY

‘e1009-Net W
_
"
https://m.media-amazon.com/images/I/71N-RHemneL.jpg,120219,maximum_weight_recommendation,2.1 gram,4884ebd1-d0fb-4c64-ac7c-d24064a3ece3.jpg,"Before

"
https://m.media-amazon.com/images/I/61idgPBNG9L.jpg,120219,maximum_weight_recommendation,123.0 gram,59a77f01-dbc5-41ca-96ec-f7586d265f05.jpg,
https://m.media-amazon.com/images/I/61kFvEK54yL.jpg,120219,maximum_weight_recommendation,17.0 gram,c2479c68-8f58-4b47-81e7-ad20541ff3a8.jpg,"ii

B..

"
https://m.media-amazon.com/images/I/51hEKUzSEVL.jpg,611510,maximum_weight_recommendation,350 pound,04cc0b39-23e1-4dbd-b754-1bd01f1cd641.jpg,"Maximum weld it Repacty 350 oe
"
https://m.media-amazon.com/images/I/61jfOnF8DyL.jpg,120219,maximum_weight_recommendation,7.0 kilogram,7ee917bb-341f-4788-9ca1-51ef2da7e805.jpg,
https://m.media-amazon.com/images/I/81uYnbA3O+L.jpg,658003,maximum_weight_recommendation,0.66 pound,9fecd6f2-206b-42c3-8c78-347c1e84cb1e.jpg,"DAM ELTOIOL79

id

_@
9 ° Gi=D

*,

"
https://m.media-amazon.com/images/I/51I6ch0UcPL.jpg,178958,maximum_weight_recommendation,10 kilogram,84631176-140e-4b8a-bba2-5de981226d4c.jpg,"@i

SEAMLESS VELCRO, CAN BE USED REPEATEDLY
LOAD BEARING UP TO 10KG

NAIL GROOVE DESIGN

"
https://m.media-amazon.com/images/I/51gftlIWqCS.jpg,120219,maximum_weight_recommendation,20.0 pound,d18c804c-0170-47ef-972e-b3c9f0360405.jpg,"Strong Transparent Adhesive

WM) 2%) ©

No Drill No Tool Waterproof

Rustroof Up to 20LB Removable

"
https://m.media-amazon.com/images/I/612YOqEG2hL.jpg,120219,maximum_weight_recommendation,195.0 ton,9c8c8bac-9ac4-4b7d-bf9e-f8921fc712d6.jpg,". &

(NGR_ OB

i al

aeAUTIFUL
‘ONTOURS
popy stRu

Oo ee

!

STENDERS <7 | a
; iS
ROSE
wm (| OLIVIER |

;
"
https://m.media-amazon.com/images/I/71n4iqvfLZL.jpg,120219,maximum_weight_recommendation,500.0 gram,1ef1ff04-bab9-4216-a867-a9094d13b1cb.jpg,
https://m.media-amazon.com/images/I/81M+LNYxNyL.jpg,271537,voltage,12.0 volt,0d873b58-17aa-4db8-8679-58357b32eb45.jpg,"5.5 GPM WATER FLOW

bs ; y
+ a Pa
_

ADJUSTABLE —
PRESSURE

>.

= CORROSION ~~ \
RESISTANT <<,

MY SELE-PRIMING “sah

"
https://m.media-amazon.com/images/I/41qDdRo6EJL.jpg,752266,voltage,"[220.0, 240.0] volt",bb6d1e95-e4ff-49d1-87ed-2de513a4a04d.jpg,"2.8810 (75cm)

0.98in [LB (2.5cm)
iit i iI} i}

|
28.74in (73cm) l

., Produkt Informationen

Spannung:220V-240V

| MateraliensMetall-Gasschirm

"
https://m.media-amazon.com/images/I/71PD2oyETuL.jpg,641642,voltage,31.0 volt,43d44661-48c5-4aa0-8af6-13b6fa2b5b37.jpg,"5 a ane ~ > Sega: ¥ * ie .
yt Wei , » it J a ‘

- + * *
a ¥ ** + #
RL ae *

* «et + B 7
- ~ es * Ne ""
i ba ¥ » :
y #| ‘ ae
j 4
. Me -* + E o '
i —-s rl * x v * - > - rT
. + F * q ©
” 4 -
i - ee
. "" . -
: a, ee ae Ae. + . *
f & ee { Ww SF ied a
i t « al 4
bp ” we tn j
‘ Pa
“ee ei n j ‘
ae Ti
‘fe eS a
iz = fe
4 we ye a, I Ay
i <, ai
Ux ba. bes ®

6e@esc

3a

Fond MODES SAFE VOLTAGE — CONNECTABLE

"
https://m.media-amazon.com/images/I/81P9nGvgcGL.jpg,306956,voltage,230.0 volt,bc5c7b48-31ff-4849-95da-cc9cad3cc8b7.jpg,"Beeketal Grillplatten

verschiedene Groen und Ausfiihrungen

Modell BGP-a

e 3000 Watt

© 230 Volt / 50 Hz
e Abmessungen Grillplatte: ca. 550 x 350 mm
« Temperatureinstellung: 50 - 300 °C

e Abmessungen: ca. 555 x 430 x 240 mm

Modell BGP-b

© 3000 Watt

© 230 Volt / 50 Hz

e Abmessungen Grillplatte: ca. 550 x 350 mm
e Temperatureinstellung: 50 - 300 °C

¢ Abmessungen: ca. 555 x 430 x 240 mm

Modell BGP-c

© 3000 Watt

© 230 Volt / 50 Hz
e Abmessungen Grillplatte: ca. 550 x 350 mm
e Temperatureinstellung: 50 - 300 °C
 Abmessungen: ca. 555 x 430 x 240 mm

Modell BGP-III

¢ 3000 Watt

© 230 Volt / 50 Hz
e Abmessungen Grillplatte: ca. 550 x 365 mm
« Temperatureinstellung: 50 - 300 °C

¢ Abmessungen: ca. 560 x 475 x 240 mm

Modell BGP-IV

© 3000 Watt

© 230 Volt / 50 Hz
« Abmessungen Grillplatte: ca. 550 x 365 mm
« Temperatureinstellung: 50 - 300 °C

e Abmessungen: ca. 560 x 475 x 240 mm

Modell BHGP-1

© 2000 Watt

© 230 Volt / 50 Hz
« Abmessungen Grillplatte: ca. 380 x 350 mm
 Temperatureinstellung: 50 - 300 °C

¢ Abmessungen: ca. 470 x 360 x 220 mm

Modell BHGP-2

© 2000 Watt

© 230 Volt / 50 Hz

e Abmessungen Grillplatte: ca. 385 x 360 mm
e Temperatureinstellung: 50 - 300 °C

« Abmessungen: ca. 470 x 365 x 230 mm

Modell BHGP-3

© 2000 Watt

© 230 Volt / 50 Hz

« Abmessungen Grillplatte: ca. 385 x 360 mm
e Temperatureinstellung: 50 - 300 °C

¢ Abmessungen: ca. 470 x 365 x 230 mm

"
https://m.media-amazon.com/images/I/81OuPv8f76L.jpg,271537,voltage,12.0 volt,82b71e23-2d40-4252-a6f9-561011b0f7b6.jpg,"1 x Drum Pump with Advanced Auto-Stop Sensor
1 x Drum Barrel Adaptor

1 x DC 12V with Power Clips

1 x AC 120V Plug In Adaptor

1 x Instruction Manual we

(“Batteries & Drum Barrel Not Included)

"
https://m.media-amazon.com/images/I/41waBWCJLbL.jpg,648011,voltage,230.0 volt,1a46ee0e-a83d-442b-a8e8-5a108671d6e6.jpg,"CONSOMMATION

230V~

TENSION

15000n

DUREE DE VIE

"
https://m.media-amazon.com/images/I/51-8rtC8kzL.jpg,271537,voltage,18.0 volt,cd44b1c1-4397-4f46-b4b2-80a212c893fd.jpg,
https://m.media-amazon.com/images/I/71MF66ohicS.jpg,983323,voltage,5.0 volt,20d43679-9b0f-4633-94a9-89e68401e36d.jpg,
https://m.media-amazon.com/images/I/61bTZNhlTEL.jpg,709627,voltage,3.8 volt,fb96f33f-e9b4-4081-bab7-a675abd334b5.jpg,
https://m.media-amazon.com/images/I/71cGq1lWiCL.jpg,709627,voltage,20.0 volt,33473dbb-65a3-4ea6-9cea-576a71882f1a.jpg,"PACKAGE INCLUDE

»
owe SS

"
https://m.media-amazon.com/images/I/61rbdGlNctL.jpg,271537,voltage,"[120.0, 127.0] volt",3a0fa497-8c7e-4537-b196-37f0bafa8da2.jpg,"W10130913, W10183434, W10190647, 8540024, 8540025, 8540027,
8540028, 8540996, W10117829

3.9
inch

DRAIN PUMP
DB-02

120-127V
85W 1.4A
1.5m

4.4 inch
"
https://m.media-amazon.com/images/I/61NW78Xtp8L.jpg,648011,voltage,110.0 volt,8c652f97-5e3d-4903-9f04-8933f8862ed9.jpg,"f

;
j
]
ig

"
https://m.media-amazon.com/images/I/71Mv9Jgp1rL.jpg,641642,voltage,12.0 volt,9d3095de-0633-4932-aa44-0913abe14095.jpg,"Sovee
RGB Basic

LED STRIP LIGHTS

Warm White Daylight Cool White >

==
< 16 Million Colors »

Sovee

@

ov

a

Musio Sync from
phone me Ge
@ sensitivity ———————-@

Party

@ Avro color @

@eee
e e

CO eteatics i »»»)»)))))))

Adjust
Brightness }

iw

Colorful
lighting

ws

DY Scenes |

u

yusiote

ge Olt |

uu

"
https://m.media-amazon.com/images/I/711yOeZlPbL.jpg,752266,voltage,230.0 volt,f5ea0b75-8045-4171-a8b5-eab965664d64.jpg,"' 2 Leuchte mit AC 230V Netzteil
Ein Loch in der Decke bohren Verbinden
Der Karabinerhaken wird
automatisch nach unten pressen
und fest an die Decke, Fertig!

Den Karabinerhaken Vertikal
legen und ins Loch schieben

Hinweis: Stellen Sie vor der Installation sicher,
dass die Stromversorgung unterbrochen ist
"
https://m.media-amazon.com/images/I/712ENc-RXOL.jpg,271537,voltage,12.0 volt,55221340-b6cf-4cb4-b3ae-a1c5c07f715c.jpg,"feet | | PE
Reet Rea ae Re et
Wi lela ee

Amante Mate i
37006?

12-VOLT 16AMP 4)

"
https://m.media-amazon.com/images/I/61Y+qqF0-kL.jpg,752266,voltage,1.2 volt,de420cec-2cf4-48d6-a5db-8eb2d08a79ae.jpg,"1.Waterproof
2.Built in AA8COmMAN 1.2V |
3.Durable, Eco-friendly and Easy installation
4,LED lifespan: 50,000 hours

ypulEz

You can spread the wings slowly
so they will look like the pictures
and will not be broken

"
https://m.media-amazon.com/images/I/91m2kiHxNeL.jpg,271537,voltage,12.0 volt,641c2764-f8ae-463e-ae71-2cd0ea57a0ce.jpg,
https://m.media-amazon.com/images/I/61ghMugUP8L.jpg,752266,voltage,"[110.0, 120.0] volt",6cb6184c-0d1d-4d51-bacb-3d4a466669fd.jpg,"5.12in (13cm)

Adjustment
length
| 2 &
RECOMMENDED BULBS
19.7in-78.7in (Bulbs not included)

(50cm-200cm)

Voltage 110 V-120V

Bulb base E12
Color Gold

15.56in (39.5cm)
"
https://m.media-amazon.com/images/I/71e3HSFfrbL.jpg,186035,voltage,5.0 volt,fcc237f4-2ca1-4aa8-b760-b48a7e0e1c23.jpg,"ALIMENTAR HASTA 7 DISPOSITIVOS

AL MISMO TIEMPO

Pantalla LED
Luz LED
Interruptor Interruptor
principal LED
USB 5V/3A*3 OC 3.0
Interruptor AC PD 65W
DC IN 15V DC OUT 12V

UE 9 wa PY \ fs
/ , ‘om
; 4 Ay 4 j 4
uy x
r . ‘ 4 oN ’
¥ Th a
"
https://m.media-amazon.com/images/I/61AEHrjp7OL.jpg,709627,voltage,1.2 volt,7c08cfb1-14bd-44a6-928d-d5453713d7fa.jpg,"ENVIRONMENTAL PROTECTION

did

LERLHEL 113

=
I
=
=
=x
=x
=x
Ort
—
=
xu
>
=
Pw

CAN SAFELY CYCLE CHARGING FOR 300 TIMES
"
https://m.media-amazon.com/images/I/51Na+Ym6mrL.jpg,179080,wattage,250.0 watt,0408543a-5074-4af9-b75f-ac46f141611d.jpg,"5% e
mit 250 W und

"
https://m.media-amazon.com/images/I/712xVfULgzL.jpg,752266,wattage,100.0 watt,17c06f58-4601-45c4-b063-707409182c31.jpg,"|

Press and holy for dimmable 10%~100%

10 y 100

"
https://m.media-amazon.com/images/I/51m-AlhTa0L.jpg,318770,wattage,9.0 watt,dc35154b-1317-4bd0-83a1-c11f9686f0aa.jpg,
https://m.media-amazon.com/images/I/71dJNiktQhL.jpg,179080,wattage,250.0 watt,3451544c-e787-4d1e-be97-9af192e03f11.jpg,"ALLOY ONE-PC MOTOR

36V 250W

"
https://m.media-amazon.com/images/I/518chMFNoYL.jpg,752266,wattage,324.0 watt,e6d2956f-9977-4f26-a710-7e6d2f7be298.jpg,"Bia 324

aac

23 yy
Cn, 41

i

Embedded

Install method

"
https://m.media-amazon.com/images/I/4155-mT5dHL.jpg,318770,wattage,65.0 watt,bc2e237b-0464-4f3a-b5d4-104f70ec987a.jpg,"Super Charge
"
https://m.media-amazon.com/images/I/71X1t5tyrFL.jpg,318770,wattage,240.0 watt,540f17af-efd0-4cb2-a379-f79458321be4.jpg,"GeSRICO’

LEADING TECHNOLOGY

FP RaNUB/SPECIFICATIONS
PREM/Product Name USB-C 240 WII 40GRRURES /
USB-C 240W 40Gbps Data Cable
F*&81S/Product Model CC240-40-05/CC240-40-10
‘BYHFABR/Cable Material eeeramian)
Aluminum Alloy+Woven Mesh
PRRE/Product Color B/black
fee8EW/Transmission Speed | 40Gbps
HUHK/Output Power 48V===5A,, 240W(Max)
#RRIMLE/Video Output ‘8K@6OH2
OM ntertace USB-Cto
PEEK /Cable length [Josm Fe Jim
FBRE/interface Type B90""

RSP 7e IE EATERS RAB) (ORICO Technologies Co, Ltd.)

“WSFA Hotline: 400-6596298 RAIMA Tel 86-755-25196059
DPR wwworicacomen Website: wwmorio.ce

68)/€ mall supports@orico com.cn

AEE RUNS ee AR HEARS 128 (ROT
“AAHRAL903-1904

‘Company Add: 1903-1904, 144, Zhonghalxin Innovation Industrial Park,no.12,
Gan Lee Sixth Road, Gankeng Community hua Street, Shenzhen, China
TL) Hehh: RE RR ARIS 6S 2018

ita: C/SZVC 010-2018

Eventus Sistemido.o,

Ukmarjeva ulica 2, S-1000 Ljubljana Slovenia
EucustomersSerice@outlookccom

EVESION TRADING LIMITED.

Sulte2 Blacithorn House, St Pauls Square, Birmingham, United Kingdom,
Ticisiomersenice@outooksom

BOITE EN PAPIER+SAC
DE CPE*BLISTER

‘SRIRBIiBi/Made in China

"
https://m.media-amazon.com/images/I/71IiCkHLRUL.jpg,211213,wattage,8.0 watt,531600d9-22f4-4aec-aa9d-bb9087813ec6.jpg,"B073TY3Gay

a ae ® i i *y ‘ ‘
_-|Meter Star®|

"
https://m.media-amazon.com/images/I/61kh4EsIp+L.jpg,752266,wattage,10.0 watt,7ccc62f6-bb48-41a4-afc6-01762ff5f7fd.jpg,"1x
"
https://m.media-amazon.com/images/I/71b96sXHV9L.jpg,752266,wattage,20.0 watt,06464580-5f16-42eb-9721-e1fa22be57f8.jpg,"WHY CHOOSE US

Ei 16w

1250LM

(@) HUGE SIZE
UNEVEN LIGHTING

NOT DUSTPROOF,
NOT INSECTPROOF,
NOT WATERPROOF

"
https://m.media-amazon.com/images/I/711ujGTBCPL.jpg,752266,wattage,50.0 watt,4df5975c-0221-4446-86cb-3ca4799f30ba.jpg,
https://m.media-amazon.com/images/I/61R6sdETX9L.jpg,752266,wattage,60.0 watt,9037971b-392f-4b44-a459-2802cf949271.jpg,"E26 Bulb Socket
< 60W Power
"
https://m.media-amazon.com/images/I/61vgoVAbq6S.jpg,752266,wattage,48.0 watt,14ca622d-a7f6-4a9b-bc6f-2e78112120bf.jpg,"Innenbereich:10-15m2
"
https://m.media-amazon.com/images/I/71ZjN3BvS2L.jpg,641642,wattage,100.0 watt,7296aeb0-e81f-4962-8b2f-82fffa99ff49.jpg,"Hanging Hooks for
Wall Decoration

2xAA Batteries

(not included)
"
https://m.media-amazon.com/images/I/71fQJu8uexL.jpg,124643,wattage,11.0 watt,39f3438b-bd23-4cc5-b676-b3bdef72e278.jpg,"Energy Star Certified
Uses 11W of energy on the lowest setting

»)

ENERGY STAR

wt FAs

+  AirDoctor is backed by our Breathe

Easy Guarantee
Try AirDoctor in your home for 30 days

eRE4,
7
Van)

Fz ns

Featured on

& Chicago Tribune CINN| Money

"
https://m.media-amazon.com/images/I/81DgMV1e5rL.jpg,318770,wattage,100.0 watt,c05bf12e-16a2-49a7-9f52-784cfefd6a09.jpg,"Super Fast Recharge

"
https://m.media-amazon.com/images/I/616xgAf6b7L.jpg,318770,wattage,18.0 watt,5d92928c-4513-4b4f-8a7f-55f000835acf.jpg,"Fast Charging requires original
Adapter or qc adapter

Samsung Galaxy S20/S20+/S20 Ultra/ Note 10: requires a QC / AFC protocol
charger with a 18VW USB A port (The origina charger is a PD fast charging with a 25 W USB C Port)

v 4 x

Use a Charger That Your Device Supports Computer USB Port
Supports Fast Charging Fast Charge

"
https://m.media-amazon.com/images/I/71+njLByDLL.jpg,318770,wattage,25.0 watt,dcd76146-4949-45df-b2be-4991abb80b20.jpg,"USB-C PD Ready

Our BOOST#'CHARGE Flex USB-C to USB-C Cable supports
USB-C Power Delivery, fast charging a Samsung S21 Ultra from
0-50% in 26 mins**.

Wiotizs

- ie le
| e CERTIFIED
®

** Fast charges Samsung Galaxy S21 Ultra from O-50% in
26 minutes when paired with a 25W PD PPS power
adapter. Charge time varies with environmental factors;
actual results will vary.
"
https://m.media-amazon.com/images/I/61Yv23aN4yL.jpg,318770,wattage,18.0 watt,1b5826e1-6249-481d-82c3-f4fea0ae5ba2.jpg,"USB POWER
DELIVERY

Supports Fast Charge When used with
an 18W or Higher Power Adapter

"
https://m.media-amazon.com/images/I/71fOnNOm+tL.jpg,179080,wattage,88.0 watt,03f31bce-3dc6-4454-92b4-6ebebdec5be0.jpg,"7,
"
https://m.media-amazon.com/images/I/51iWx2s44AL.jpg,966983,width,40.0 centimetre,7901bbda-2df8-41db-a7ac-01d354591c34.jpg,"40cm

21cm

70cm

"
https://m.media-amazon.com/images/I/619jNFSyzGL.jpg,763916,width,60.0 centimetre,0065d704-375a-442d-abd7-aab5c73cfb74.jpg,"Dimensiones I-Pro Series 7
HD90-A3979-S

Fondo 112 cm

Fondo 60 cm

Alto
84,5 cm

Alto
84,5cm

vy
—__ EE""
en ae
59,5cm

"
https://m.media-amazon.com/images/I/51dxN-6+c4L.jpg,536334,width,3.0 inch,0ebd79fa-3973-4b7c-86cf-04dc2e135039.jpg,"youl GT

3 Inch

3 Inch
"
https://m.media-amazon.com/images/I/61-S+WHMY1L.jpg,208023,width,16.5 centimetre,1b573b4e-5c47-4697-bc3e-fd4b2dd589a9.jpg,"21cm/8.3in

16.5cm/6.5in

UIs"" L L/W90E

i)
u
Qa
3
S
—
2
3

26cm/10.4in High Capacity
2cm/0.78in

Holds up to 150 sheets of A4 paper at once
"
https://m.media-amazon.com/images/I/51piWeoJSIL.jpg,146860,width,8.6 centimetre,cbb68b49-16ce-403f-ad92-3be6c1b76e01.jpg,"20cm

"
https://m.media-amazon.com/images/I/51zTlQ23CgL.jpg,846116,width,0.59 inch,94da973a-023e-4986-9244-572616f9a0d8.jpg,"0.59in/ 1.5m

& |
ll

9.04 in / 23cm

|

51.09 in / 130 cm

"
https://m.media-amazon.com/images/I/51dpTgS3DYL.jpg,638301,width,9.25 inch,18ad03f4-6cb7-48cf-a7c6-4a603442feef.jpg,
https://m.media-amazon.com/images/I/51UwymbXtkL.jpg,120219,width,22.0 centimetre,aa305486-91de-4469-a37d-89aff85ee2f8.jpg,"Height adjustable
extends 110cm-310cm

"
https://m.media-amazon.com/images/I/41i9buD36UL.jpg,150535,width,5.0 inch,783139a6-ddbe-4ffc-b253-81e85720baf9.jpg,"hétpack

5 Inch

"
https://m.media-amazon.com/images/I/61C+7Nw5RnL.jpg,801829,width,70.0 centimetre,f62eca0c-3cb1-485b-9774-0242210e7bf5.jpg,"101-117cm

115-140cm

46-55cm

70cm
"
https://m.media-amazon.com/images/I/51C-E6fWdKS.jpg,119607,width,6.2 inch,1a9aca09-a847-40f6-8c2f-ca72861d9a4f.jpg,"Led lamp beads shing

One key switch
1

8.86in

© Batteyy: 2X batteries
¢

’
,

°

Can be hung on the wall
"
https://m.media-amazon.com/images/I/51Zh-AwtN2L.jpg,362818,width,15.0 centimetre,5a8d0387-9a86-4177-8016-7b88fdf6de6e.jpg,"©) |w) |O

MICROWAVE DISHWASHER BPA-FREE TWO YERAS
SAFE TRAY SAFE TRAY MATERIALS WARRANTY
"
https://m.media-amazon.com/images/I/51aWxxjZT2L.jpg,292475,width,8.7 centimetre,6a20d9eb-1239-4f8c-8fb3-811b3a2a6cf3.jpg,"8.7CM

5CM

11CM
"
https://m.media-amazon.com/images/I/618kaa0ITuL.jpg,119607,width,18.0 inch,b206140b-c78d-462b-ba63-eddc92d3c9bb.jpg,
https://m.media-amazon.com/images/I/51ehdFL-aJL.jpg,744541,width,21.0 inch,18de1874-61f8-4511-9b61-3cdcea0777de.jpg,
https://m.media-amazon.com/images/I/518Ty-YkyTL.jpg,524117,width,7.1 inch,163bb2c0-eef6-4793-b1dd-0f8f4d5e0983.jpg,
https://m.media-amazon.com/images/I/6196bwX93DL.jpg,174276,width,1.4 inch,cec0e186-a5aa-4cbc-a971-59b4c85d000c.jpg,
https://m.media-amazon.com/images/I/51QAmiraOLL.jpg,558806,width,4.5 centimetre,6335adfa-a8b5-4e85-b60d-3f2dc8626c26.jpg,"4.5cem/1.77inch

12cm/4.7inch

"
https://m.media-amazon.com/images/I/51GYtjTRJaL.jpg,107694,width,13.0 centimetre,5a2fbac8-c906-4914-933f-2cc8c0152046.jpg,"Re

25 CM

PERFECT SIZE
FOR
BEGINNERS

TG

13 CM
"
https://m.media-amazon.com/images/I/51MaeBs2faL.jpg,430434,width,62.5 millimetre,ddf44cb1-6030-4cb7-947c-8214a17c892f.jpg,"62.5mm / 2.46in

UIBG'E / WLS
"
